benchmark,metric,model,corpus,category,value,tolerance,n_targets,averaging,source_notebook,source_cell
figure2,median_interface_p_at_k,msa_pairformer,,,0.521008,0.02,,median,Figure2_MSAPairformer.ipynb,12
figure2,median_interface_p_at_k,msa_transformer,,,0.192547,0.02,,median,Figure2_MSAPairformer.ipynb,12
figure2,median_interface_p_at_k,inverse_covariance,,,0.086957,0.02,,median,Figure2_MSAPairformer.ipynb,12
figure2,median_interface_p_at_k,glm2,,,0.025862,0.02,,median,Figure2_MSAPairformer.ipynb,12
figure2,median_interface_p_at_k,e1,,,0.013889,0.02,,median,Figure2_MSAPairformer.ipynb,12
figure2,median_interface_p_at_k,esmc,,,0.008850,0.02,,median,Figure2_MSAPairformer.ipynb,12
casp15,median_long_range_p_at_l,msa_pairformer,logan,,0.706849,0.02,45,median,Figure5A_CASP15.ipynb,34
casp15,median_long_range_p_at_l,msa_pairformer,uniref,,0.660274,0.02,45,median,Figure5A_CASP15.ipynb,34
casp15,median_long_range_p_at_l,msa_transformer,logan,,0.552734,0.02,45,median,Figure5A_CASP15.ipynb,34
casp15,median_long_range_p_at_l,msa_transformer,uniref,,0.500000,0.02,45,median,Figure5A_CASP15.ipynb,34
casp15,median_long_range_p_at_l,esmc_600m,,,0.482422,0.02,45,median,Figure5A_CASP15.ipynb,34
casp15,median_long_range_p_at_l,esmc_300m,,,0.458984,0.02,45,median,Figure5A_CASP15.ipynb,34
casp15,median_long_range_p_at_l,esm2_15b,,,0.501465,0.02,45,median,Figure5A_CASP15.ipynb,34
casp15,median_long_range_p_at_l,esm2_3b,,,0.487805,0.02,45,median,Figure5A_CASP15.ipynb,34
casp15,median_long_range_p_at_l,esm2_650m,,,0.467391,0.02,45,median,Figure5A_CASP15.ipynb,34
casp15,median_long_range_p_at_l,esm2_150m,,,0.376682,0.02,45,median,Figure5A_CASP15.ipynb,34
proteingym,mean_spearman,msa_pairformer,uniref,Activity,0.485735,0.02,,two_step,Figure5B_Figure.ipynb,2
proteingym,mean_spearman,msa_pairformer,uniref,OrganismalFitness,0.451423,0.02,,two_step,Figure5B_Figure.ipynb,2
proteingym,mean_spearman,msa_pairformer,uniref,Binding,0.361730,0.02,,two_step,Figure5B_Figure.ipynb,2
proteingym,mean_spearman,msa_pairformer,uniref,Expression,0.437756,0.02,,two_step,Figure5B_Figure.ipynb,2
proteingym,mean_spearman,msa_pairformer,uniref,Stability,0.506818,0.02,,two_step,Figure5B_Figure.ipynb,2
proteingym,mean_spearman,msa_pairformer,logan,Activity,0.498227,0.02,,two_step,Figure5B_Figure.ipynb,2
proteingym,mean_spearman,msa_pairformer,logan,OrganismalFitness,0.461789,0.02,,two_step,Figure5B_Figure.ipynb,2
proteingym,mean_spearman,msa_pairformer,logan,Binding,0.357230,0.02,,two_step,Figure5B_Figure.ipynb,2
proteingym,mean_spearman,msa_pairformer,logan,Expression,0.447078,0.02,,two_step,Figure5B_Figure.ipynb,2
proteingym,mean_spearman,msa_pairformer,logan,Stability,0.498772,0.02,,two_step,Figure5B_Figure.ipynb,2
proteingym,mean_spearman,msa_transformer,logan,Activity,0.473031,0.02,,two_step,Figure5B_Figure.ipynb,2
proteingym,mean_spearman,msa_transformer,logan,OrganismalFitness,0.418766,0.02,,two_step,Figure5B_Figure.ipynb,2
proteingym,mean_spearman,msa_transformer,logan,Binding,0.328755,0.02,,two_step,Figure5B_Figure.ipynb,2
proteingym,mean_spearman,msa_transformer,logan,Expression,0.445991,0.02,,two_step,Figure5B_Figure.ipynb,2
proteingym,mean_spearman,msa_transformer,logan,Stability,0.492063,0.02,,two_step,Figure5B_Figure.ipynb,2
proteingym,mean_spearman,msa_transformer,uniref,Activity,0.454865,0.02,,two_step,Figure5B_Figure.ipynb,2
proteingym,mean_spearman,msa_transformer,uniref,OrganismalFitness,0.412018,0.02,,two_step,Figure5B_Figure.ipynb,2
proteingym,mean_spearman,msa_transformer,uniref,Binding,0.311446,0.02,,two_step,Figure5B_Figure.ipynb,2
proteingym,mean_spearman,msa_transformer,uniref,Expression,0.429270,0.02,,two_step,Figure5B_Figure.ipynb,2
proteingym,mean_spearman,msa_transformer,uniref,Stability,0.475263,0.02,,two_step,Figure5B_Figure.ipynb,2
proteingym,mean_spearman,esmc_600m,,Activity,0.422879,0.02,,two_step,Figure5B_Figure.ipynb,2
proteingym,mean_spearman,esmc_600m,,OrganismalFitness,0.361804,0.02,,two_step,Figure5B_Figure.ipynb,2
proteingym,mean_spearman,esmc_600m,,Binding,0.293606,0.02,,two_step,Figure5B_Figure.ipynb,2
proteingym,mean_spearman,esmc_600m,,Expression,0.419958,0.02,,two_step,Figure5B_Figure.ipynb,2
proteingym,mean_spearman,esmc_600m,,Stability,0.527707,0.02,,two_step,Figure5B_Figure.ipynb,2
proteingym,mean_spearman,esmc_300m,,Activity,0.422567,0.02,,two_step,Figure5B_Figure.ipynb,2
proteingym,mean_spearman,esmc_300m,,OrganismalFitness,0.359965,0.02,,two_step,Figure5B_Figure.ipynb,2
proteingym,mean_spearman,esmc_300m,,Binding,0.315159,0.02,,two_step,Figure5B_Figure.ipynb,2
proteingym,mean_spearman,esmc_300m,,Expression,0.407609,0.02,,two_step,Figure5B_Figure.ipynb,2
proteingym,mean_spearman,esmc_300m,,Stability,0.525709,0.02,,two_step,Figure5B_Figure.ipynb,2
proteingym,mean_spearman,esm2_15b,,Activity,0.404630,0.02,,two_step,Figure5B_Figure.ipynb,2
proteingym,mean_spearman,esm2_15b,,OrganismalFitness,0.387376,0.02,,two_step,Figure5B_Figure.ipynb,2
proteingym,mean_spearman,esm2_15b,,Binding,0.316935,0.02,,two_step,Figure5B_Figure.ipynb,2
proteingym,mean_spearman,esm2_15b,,Expression,0.405261,0.02,,two_step,Figure5B_Figure.ipynb,2
proteingym,mean_spearman,esm2_15b,,Stability,0.487545,0.02,,two_step,Figure5B_Figure.ipynb,2
proteingym,mean_spearman,esm2_3b,,Activity,0.417068,0.02,,two_step,Figure5B_Figure.ipynb,2
proteingym,mean_spearman,esm2_3b,,OrganismalFitness,0.378371,0.02,,two_step,Figure5B_Figure.ipynb,2
proteingym,mean_spearman,esm2_3b,,Binding,0.321186,0.02,,two_step,Figure5B_Figure.ipynb,2
proteingym,mean_spearman,esm2_3b,,Expression,0.402855,0.02,,two_step,Figure5B_Figure.ipynb,2
proteingym,mean_spearman,esm2_3b,,Stability,0.509062,0.02,,two_step,Figure5B_Figure.ipynb,2
proteingym,mean_spearman,esm2_650m,,Activity,0.425383,0.02,,two_step,Figure5B_Figure.ipynb,2
proteingym,mean_spearman,esm2_650m,,OrganismalFitness,0.368352,0.02,,two_step,Figure5B_Figure.ipynb,2
proteingym,mean_spearman,esm2_650m,,Binding,0.336602,0.02,,two_step,Figure5B_Figure.ipynb,2
proteingym,mean_spearman,esm2_650m,,Expression,0.415110,0.02,,two_step,Figure5B_Figure.ipynb,2
proteingym,mean_spearman,esm2_650m,,Stability,0.523273,0.02,,two_step,Figure5B_Figure.ipynb,2
proteingym,mean_spearman,esm2_150m,,Activity,0.391363,0.02,,two_step,Figure5B_Figure.ipynb,2
proteingym,mean_spearman,esm2_150m,,OrganismalFitness,0.304680,0.02,,two_step,Figure5B_Figure.ipynb,2
proteingym,mean_spearman,esm2_150m,,Binding,0.326123,0.02,,two_step,Figure5B_Figure.ipynb,2
proteingym,mean_spearman,esm2_150m,,Expression,0.401919,0.02,,two_step,Figure5B_Figure.ipynb,2
proteingym,mean_spearman,esm2_150m,,Stability,0.509920,0.02,,two_step,Figure5B_Figure.ipynb,2
proteingym,mean_spearman,msa_pairformer,uniref,Human,0.456260,0.02,,two_step,Figure5B_Figure.ipynb,3
proteingym,mean_spearman,msa_pairformer,uniref,Eukaryote,0.530322,0.02,,two_step,Figure5B_Figure.ipynb,3
proteingym,mean_spearman,msa_pairformer,uniref,Prokaryote,0.454648,0.02,,two_step,Figure5B_Figure.ipynb,3
proteingym,mean_spearman,msa_pairformer,uniref,Virus,0.470743,0.02,,two_step,Figure5B_Figure.ipynb,3
proteingym,mean_spearman,msa_pairformer,logan,Human,0.454583,0.02,,two_step,Figure5B_Figure.ipynb,3
proteingym,mean_spearman,msa_pairformer,logan,Eukaryote,0.527119,0.02,,two_step,Figure5B_Figure.ipynb,3
proteingym,mean_spearman,msa_pairformer,logan,Prokaryote,0.463567,0.02,,two_step,Figure5B_Figure.ipynb,3
proteingym,mean_spearman,msa_pairformer,logan,Virus,0.486657,0.02,,two_step,Figure5B_Figure.ipynb,3
proteingym,mean_spearman,msa_transformer,logan,Human,0.439008,0.02,,two_step,Figure5B_Figure.ipynb,3
proteingym,mean_spearman,msa_transformer,logan,Eukaryote,0.515506,0.02,,two_step,Figure5B_Figure.ipynb,3
proteingym,mean_spearman,msa_transformer,logan,Prokaryote,0.446125,0.02,,two_step,Figure5B_Figure.ipynb,3
proteingym,mean_spearman,msa_transformer,logan,Virus,0.421128,0.02,,two_step,Figure5B_Figure.ipynb,3
proteingym,mean_spearman,msa_transformer,uniref,Human,0.429578,0.02,,two_step,Figure5B_Figure.ipynb,3
proteingym,mean_spearman,msa_transformer,uniref,Eukaryote,0.501028,0.02,,two_step,Figure5B_Figure.ipynb,3
proteingym,mean_spearman,msa_transformer,uniref,Prokaryote,0.425744,0.02,,two_step,Figure5B_Figure.ipynb,3
proteingym,mean_spearman,msa_transformer,uniref,Virus,0.405885,0.02,,two_step,Figure5B_Figure.ipynb,3
proteingym,mean_spearman,esmc_600m,,Human,0.462122,0.02,,two_step,Figure5B_Figure.ipynb,3
proteingym,mean_spearman,esmc_600m,,Eukaryote,0.480716,0.02,,two_step,Figure5B_Figure.ipynb,3
proteingym,mean_spearman,esmc_600m,,Prokaryote,0.458551,0.02,,two_step,Figure5B_Figure.ipynb,3
proteingym,mean_spearman,esmc_600m,,Virus,0.240586,0.02,,two_step,Figure5B_Figure.ipynb,3
proteingym,mean_spearman,esmc_300m,,Human,0.467966,0.02,,two_step,Figure5B_Figure.ipynb,3
proteingym,mean_spearman,esmc_300m,,Eukaryote,0.480625,0.02,,two_step,Figure5B_Figure.ipynb,3
proteingym,mean_spearman,esmc_300m,,Prokaryote,0.441433,0.02,,two_step,Figure5B_Figure.ipynb,3
proteingym,mean_spearman,esmc_300m,,Virus,0.241761,0.02,,two_step,Figure5B_Figure.ipynb,3
proteingym,mean_spearman,esm2_15b,,Human,0.431640,0.02,,two_step,Figure5B_Figure.ipynb,3
proteingym,mean_spearman,esm2_15b,,Eukaryote,0.467183,0.02,,two_step,Figure5B_Figure.ipynb,3
proteingym,mean_spearman,esm2_15b,,Prokaryote,0.436241,0.02,,two_step,Figure5B_Figure.ipynb,3
proteingym,mean_spearman,esm2_15b,,Virus,0.332799,0.02,,two_step,Figure5B_Figure.ipynb,3
proteingym,mean_spearman,esm2_3b,,Human,0.442195,0.02,,two_step,Figure5B_Figure.ipynb,3
proteingym,mean_spearman,esm2_3b,,Eukaryote,0.476684,0.02,,two_step,Figure5B_Figure.ipynb,3
proteingym,mean_spearman,esm2_3b,,Prokaryote,0.458472,0.02,,two_step,Figure5B_Figure.ipynb,3
proteingym,mean_spearman,esm2_3b,,Virus,0.294317,0.02,,two_step,Figure5B_Figure.ipynb,3
proteingym,mean_spearman,esm2_650m,,Human,0.457167,0.02,,two_step,Figure5B_Figure.ipynb,3
proteingym,mean_spearman,esm2_650m,,Eukaryote,0.486313,0.02,,two_step,Figure5B_Figure.ipynb,3
proteingym,mean_spearman,esm2_650m,,Prokaryote,0.457479,0.02,,two_step,Figure5B_Figure.ipynb,3
proteingym,mean_spearman,esm2_650m,,Virus,0.261076,0.02,,two_step,Figure5B_Figure.ipynb,3
proteingym,mean_spearman,esm2_150m,,Human,0.450156,0.02,,two_step,Figure5B_Figure.ipynb,3
proteingym,mean_spearman,esm2_150m,,Eukaryote,0.474465,0.02,,two_step,Figure5B_Figure.ipynb,3
proteingym,mean_spearman,esm2_150m,,Prokaryote,0.398267,0.02,,two_step,Figure5B_Figure.ipynb,3
proteingym,mean_spearman,esm2_150m,,Virus,0.157142,0.02,,two_step,Figure5B_Figure.ipynb,3
